Raw,Filtered
0.00,0.00
0.00,0.00
0.00,0.00
0.00,0.00
0.00,0.00
0.00,0.00
0.00,0.00
0.00,0.00
0.00,0.00
0.00,0.00
0.00,0.00
0.00,0.00
0.00,0.00
0.00,0.00
0.00,0.00
0.00,0.00
0.00,0.00
0.00,0.00
0.00,0.00
0.00,0.00
0.00,0.00
0.00,0.00
0.00,0.00
0.00,0.00
0.00,0.00
0.00,0.00
0.00,0.00
0.00,0.00
0.00,0.00
0.00,0.00
0.00,0.00
0.00,0.00
0.00,0.00
0.00,0.00
0.00,0.00
0.00,0.00
0.00,0.00
0.00,0.00
0.00,0.00
0.00,0.00
0.00,0.00
0.00,0.00
0.00,0.00
0.00,0.00
0.00,0.00
0.00,0.00
0.00,0.00
0.00,0.00
0.00,0.00
0.00,0.00
0.00,0.00
0.00,0.00
0.00,0.00
0.00,0.00
0.00,0.00
0.00,0.00
0.00,0.00
0.00,0.00
0.00,0.00
0.00,0.00
0.00,0.00
0.00,0.00
0.00,0.00
0.00,0.00
0.00,0.00
0.00,0.00
0.00,0.00
0.00,0.00
0.00,0.00
0.00,0.00
0.00,0.00
0.00,0.00
0.00,0.00
0.00,0.00
0.00,0.00
0.00,0.00
0.00,0.00
0.00,0.00
0.00,0.00
0.00,0.00
0.00,0.00
0.00,0.00
0.00,0.00
0.00,0.00
0.00,0.00
0.00,0.00
0.00,0.00
0.00,0.00
0.00,0.00
0.00,0.00
0.00,0.00
0.00,0.00
0.00,0.00
0.00,0.00
0.00,0.00
0.00,0.00
0.00,0.00
0.00,0.00
0.00,0.00
0.00,0.00
0.00,0.00
0.00,0.00
0.00,0.00
0.00,0.00
0.00,0.00
0.00,0.00
0.00,0.00
0.00,0.00
0.00,0.00
0.00,0.00
0.00,0.00
0.00,0.00
0.00,0.00
0.00,0.00
0.00,0.00
0.00,0.00
0.00,0.00
0.00,0.00
0.00,0.00
0.00,0.00
0.00,0.00
0.00,0.00
0.00,0.00
0.00,0.00
0.00,0.00
0.00,0.00
0.00,0.00
0.00,0.00
0.00,0.00
0.00,0.00
0.00,0.00
0.00,0.00
0.00,0.00
0.00,0.00
0.00,0.00
0.00,0.00
0.00,0.00
0.00,0.00
0.00,0.00
0.00,0.00
0.00,0.00
0.00,0.00
0.00,0.00
0.00,0.00
0.00,0.00
0.00,0.00
0.00,0.00
0.00,0.00
0.00,0.00
0.00,0.00
0.00,0.00
0.00,0.00
0.00,0.00
0.00,0.00
0.00,0.00
0.00,0.00
0.00,0.00
0.00,0.00
0.00,0.00
0.00,0.00
0.00,0.00
0.00,0.00
0.00,0.00
0.00,0.00
0.00,0.00
0.00,0.00
0.00,0.00
0.00,0.00
0.00,0.00
0.00,0.00
0.00,0.00
0.00,0.00
0.00,0.00
0.00,0.00
0.00,0.00
0.00,0.00
0.00,0.00
0.00,0.00
0.00,0.00
0.00,0.00
0.00,0.00
0.00,0.00
0.00,0.00
0.00,0.00
0.00,0.00
0.00,0.00
0.00,0.00
0.00,0.00
0.00,0.00
0.00,0.00
0.00,0.00
0.00,0.00
0.00,0.00
0.00,0.00
0.00,0.00
0.00,0.00
0.00,0.00
0.00,0.00
0.00,0.00
0.00,0.00
0.00,0.00
0.00,0.00
0.00,0.00
0.00,0.00
0.00,0.00
0.00,0.00
0.00,0.00
0.00,0.00
0.00,0.00
0.00,0.00
0.00,0.00
0.00,0.00
0.00,0.00
0.00,0.00
0.00,0.00
0.00,0.00
0.00,0.00
0.00,0.00
0.00,0.00
0.00,0.00
0.00,0.00
0.00,0.00
0.00,0.00
0.00,0.00
0.00,0.00
0.00,0.00
0.00,0.00
0.00,0.00
0.00,0.00
0.00,0.00
0.00,0.00
0.00,0.00
0.00,0.00
0.00,0.00
0.00,0.00
0.00,0.00
0.00,0.00
0.00,0.00
0.00,0.00
0.00,0.00
0.00,0.00
0.00,0.00
0.00,0.00
0.00,0.00
0.00,0.00
0.00,0.00
0.00,0.00
0.00,0.00
0.00,0.00
0.00,0.00
0.00,0.00
0.00,0.00
0.00,0.00
0.00,0.00
0.00,0.00
0.00,0.00
0.00,0.00
0.00,0.00
0.00,0.00
0.00,0.00
0.00,0.00
0.00,0.00
0.00,0.00
0.00,0.00
0.00,0.00
0.00,0.00
0.00,0.00
0.00,0.00
0.00,0.00
0.00,0.00
0.00,0.00
0.00,0.00
0.00,0.00
0.00,0.00
0.00,0.00
0.00,0.00
0.00,0.00
0.00,0.00
0.00,0.00
0.00,0.00
0.00,0.00
0.00,0.00
0.00,0.00
0.00,0.00
0.00,0.00
0.00,0.00
0.00,0.00
0.00,0.00
0.00,0.00
0.00,0.00
0.00,0.00
0.00,0.00
0.00,0.00
0.00,0.00
0.00,0.00
0.00,0.00
0.00,0.00
0.00,0.00
0.00,0.00
0.00,0.00
0.00,0.00
0.00,0.00
0.00,0.00
0.00,0.00
0.00,0.00
0.00,0.00
0.00,0.00
0.00,0.00
0.00,0.00
0.00,0.00
0.00,0.00
0.00,0.00
0.00,0.00
0.00,0.00
0.00,0.00
0.00,0.00
0.00,0.00
0.00,0.00
0.00,0.00
0.00,0.00
0.00,0.00
0.00,0.00
0.00,0.00
0.00,0.00
0.00,0.00
0.00,0.00
0.00,0.00
0.00,0.00
0.00,0.00
0.00,0.00
0.00,0.00
0.00,0.00
0.00,0.00
0.00,0.00
0.00,0.00
0.00,0.00
0.00,0.00
0.00,0.00
0.00,0.00
0.00,0.00
0.00,0.00
0.00,0.00
0.00,0.00
0.00,0.00
0.00,0.00
0.00,0.00
0.00,0.00
0.00,0.00
0.00,0.00
0.00,0.00
0.00,0.00
0.00,0.00
0.00,0.00
0.00,0.00
0.00,0.00
0.00,0.00
0.00,0.00
0.00,0.00
0.00,0.00
0.00,0.00
0.00,0.00
0.00,0.00
0.00,0.00
0.00,0.00
0.00,0.00
0.00,0.00
0.00,0.00
0.00,0.00
0.00,0.00
0.00,0.00
0.00,0.00
0.00,0.00
0.00,0.00
0.00,0.00
0.00,0.00
0.00,0.00
0.00,0.00
0.00,0.00
0.00,0.00
0.00,0.00
0.00,0.00
0.00,0.00
0.00,0.00
0.00,0.00
0.00,0.00
0.00,0.00
0.00,0.00
0.00,0.00
0.00,0.00
0.00,0.00
0.00,0.00
0.00,0.00
0.00,0.00
0.00,0.00
0.00,0.00
0.00,0.00
0.00,0.00
0.00,0.00
0.00,0.00
0.00,0.00
0.00,0.00
0.00,0.00
0.00,0.00
0.00,0.00
0.00,0.00
0.00,0.00
0.00,0.00
0.00,0.00
0.00,0.00
0.00,0.00
0.00,0.00
0.00,0.00
0.00,0.00
0.00,0.00
0.00,0.00
0.00,0.00
0.00,0.00
0.00,0.00
0.00,0.00
0.00,0.00
0.00,0.00
0.00,0.00
0.00,0.00
0.00,0.00
0.00,0.00
0.00,0.00
0.00,0.00
0.00,0.00
0.00,0.00
0.00,0.00
0.00,0.00
0.00,0.00
0.00,0.00
0.00,0.00
0.00,0.00
0.00,0.00
0.00,0.00
0.00,0.00
0.00,0.00
0.00,0.00
0.00,0.00
0.00,0.00
0.00,0.00
0.00,0.00
0.00,0.00
0.00,0.00
0.00,0.00
0.00,0.00
0.00,0.00
0.00,0.00
0.00,0.00
0.00,0.00
0.00,0.00
0.00,0.00
0.00,0.00
0.00,0.00
0.00,0.00
0.00,0.00
0.00,0.00
0.00,0.00
0.00,0.00
0.00,0.00
0.00,0.00
0.00,0.00
0.00,0.00
0.00,0.00
0.00,0.00
0.00,0.00
0.00,0.00
0.00,0.00
0.00,0.00
0.00,0.00
0.00,0.00
0.00,0.00
0.00,0.00
0.00,0.00
0.00,0.00
0.00,0.00
0.00,0.00
0.00,0.00
0.00,0.00
0.00,0.00
0.00,0.00
0.00,0.00
0.00,0.00
0.00,0.00
0.00,0.00
0.00,0.00
0.00,0.00
0.00,0.00
0.00,0.00
0.00,0.00
0.00,0.00
0.00,0.00
0.00,0.00
0.00,0.00
0.00,0.00
0.00,0.00
0.00,0.00
0.00,0.00
0.00,0.00
0.00,0.00
0.00,0.00
0.00,0.00
0.00,0.00
0.00,0.00
0.00,0.00
0.00,0.00
0.00,0.00
0.00,0.00
0.00,0.00
0.00,0.00
0.00,0.00
0.00,0.00
0.00,0.00
0.00,0.00
0.00,0.00
0.00,0.00
0.00,0.00
0.00,0.00
0.00,0.00
0.00,0.00
0.00,0.00
0.00,0.00
0.00,0.00
0.00,0.00
0.00,0.00
0.00,0.00
0.00,0.00
0.00,0.00
0.00,0.00
0.00,0.00
0.00,0.00
0.00,0.00
0.00,0.00
0.00,0.00
0.00,0.00
0.00,0.00
0.00,0.00
0.00,0.00
0.00,0.00
0.00,0.00
0.00,0.00
0.00,0.00
0.00,0.00
0.00,0.00
0.00,0.00
0.00,0.00
0.00,0.00
0.00,0.00
0.00,0.00
0.00,0.00
0.00,0.00
0.00,0.00
0.00,0.00
0.00,0.00
0.00,0.00
0.00,0.00
0.00,0.00
0.00,0.00
0.00,0.00
0.00,0.00
0.00,0.00
0.00,0.00
0.00,0.00
0.00,0.00
0.00,0.00
0.00,0.00
0.00,0.00
0.00,0.00
0.00,0.00
0.00,0.00
0.00,0.00
0.00,0.00
0.00,0.00
0.00,0.00
0.00,0.00
0.00,0.00
0.00,0.00
0.00,0.00
0.00,0.00
0.00,0.00
0.00,0.00
0.00,0.00
0.00,0.00
0.00,0.00
0.00,0.00
0.00,0.00
0.00,0.00
0.00,0.00
0.00,0.00
0.00,0.00
0.00,0.00
0.00,0.00
0.00,0.00
0.00,0.00
0.00,0.00
0.00,0.00
0.00,0.00
0.00,0.00
0.00,0.00
0.00,0.00
0.00,0.00
0.00,0.00
0.00,0.00
0.00,0.00
0.00,0.00
0.00,0.00
0.00,0.00
0.00,0.00
0.00,0.00
0.00,0.00
0.00,0.00
0.00,0.00
0.00,0.00
0.00,0.00
0.00,0.00
0.00,0.00
0.00,0.00
0.00,0.00
0.00,0.00
0.00,0.00
0.00,0.00
0.00,0.00
0.00,0.00
0.00,0.00
0.00,0.00
0.00,0.00
0.00,0.00
0.00,0.00
0.00,0.00
0.00,0.00
0.00,0.00
0.00,0.00
0.00,0.00
0.00,0.00
0.00,0.00
0.00,0.00
0.00,0.00
0.00,0.00
0.00,0.00
0.00,0.00
0.00,0.00
0.00,0.00
0.00,0.00
0.00,0.00
0.00,0.00
0.00,0.00
0.00,0.00
0.00,0.00
0.00,0.00
0.00,0.00
0.00,0.00
0.00,0.00
0.00,0.00
0.00,0.00
0.00,0.00
0.00,0.00
0.00,0.00
0.00,0.00
0.00,0.00
0.00,0.00
0.00,0.00
0.00,0.00
0.00,0.00
0.00,0.00
0.00,0.00
0.00,0.00
0.00,0.00
0.00,0.00
0.00,0.00
0.00,0.00
0.00,0.00
0.00,0.00
0.00,0.00
0.00,0.00
0.00,0.00
0.00,0.00
0.00,0.00
0.00,0.00
0.00,0.00
0.00,0.00
0.00,0.00
0.00,0.00
0.00,0.00
0.00,0.00
0.00,0.00
0.00,0.00
0.00,0.00
0.00,0.00
0.00,0.00
0.00,0.00
0.00,0.00
0.00,0.00
0.00,0.00
0.00,0.00
0.00,0.00
0.00,0.00
0.00,0.00
0.00,0.00
0.00,0.00
0.00,0.00
0.00,0.00
0.00,0.00
0.00,0.00
0.00,0.00
0.00,0.00
0.00,0.00
0.00,0.00
0.00,0.00
0.00,0.00
0.00,0.00
0.00,0.00
0.00,0.00
0.00,0.00
0.00,0.00
0.00,0.00
0.00,0.00
0.00,0.00
0.00,0.00
0.00,0.00
0.00,0.00
0.00,0.00
0.00,0.00
0.00,0.00
0.00,0.00
0.00,0.00
0.00,0.00
0.00,0.00
0.00,0.00
0.00,0.00
0.00,0.00
0.00,0.00
0.00,0.00
0.00,0.00
0.00,0.00
0.00,0.00
0.00,0.00
0.00,0.00
0.00,0.00
0.00,0.00
0.00,0.00
0.00,0.00
0.00,0.00
0.00,0.00
0.00,0.00
0.00,0.00
0.00,0.00
0.00,0.00
0.00,0.00
0.00,0.00
0.00,0.00
0.00,0.00
0.00,0.00
0.00,0.00
0.00,0.00
0.00,0.00
0.00,0.00
0.00,0.00
0.00,0.00
0.00,0.00
0.00,0.00
0.00,0.00
0.00,0.00
0.00,0.00
0.00,0.00
0.00,0.00
0.00,0.00
0.00,0.00
0.00,0.00
0.00,0.00
0.00,0.00
0.00,0.00
0.00,0.00
0.00,0.00
0.00,0.00
0.00,0.00
0.00,0.00
0.00,0.00
0.00,0.00
0.00,0.00
0.00,0.00
0.00,0.00
0.00,0.00
0.00,0.00
0.00,0.00
0.00,0.00
0.00,0.00
0.00,0.00
0.00,0.00
0.00,0.00
0.00,0.00
0.00,0.00
0.00,0.00
0.00,0.00
0.00,0.00
0.00,0.00
0.00,0.00
0.00,0.00
0.00,0.00
0.00,0.00
0.00,0.00
0.00,0.00
0.00,0.00
0.00,0.00
0.00,0.00
0.00,0.00
0.00,0.00
0.00,0.00
0.00,0.00
0.00,0.00
0.00,0.00
0.00,0.00
0.00,0.00
0.00,0.00
0.00,0.00
0.00,0.00
0.00,0.00
0.00,0.00
0.00,0.00
0.00,0.00
0.00,0.00
0.00,0.00
0.00,0.00
0.00,0.00
0.00,0.00
0.00,0.00
0.00,0.00
0.00,0.00
0.00,0.00
0.00,0.00
0.00,0.00
0.00,0.00
0.00,0.00
0.00,0.00
0.00,0.00
0.00,0.00
0.00,0.00
0.00,0.00
0.00,0.00
0.00,0.00
0.00,0.00
0.00,0.00
0.00,0.00
0.00,0.00
0.00,0.00
0.00,0.00
0.00,0.00
0.00,0.00
0.00,0.00
0.00,0.00
0.00,0.00
0.00,0.00
0.00,0.00
0.00,0.00
0.00,0.00
0.00,0.00
0.00,0.00
0.00,0.00
0.00,0.00
0.00,0.00
0.00,0.00
0.00,0.00
0.00,0.00
0.00,0.00
0.00,0.00
0.00,0.00
0.00,0.00
0.00,0.00
0.00,0.00
0.00,0.00
0.00,0.00
0.00,0.00
0.00,0.00
0.00,0.00
0.00,0.00
0.00,0.00
0.00,0.00
0.00,0.00
0.00,0.00
0.00,0.00
0.00,0.00
0.00,0.00
0.00,0.00
0.00,0.00
0.00,0.00
0.00,0.00
0.00,0.00
0.00,0.00
0.00,0.00
0.00,0.00
0.00,0.00
0.00,0.00
0.00,0.00
0.00,0.00
0.00,0.00
0.00,0.00
0.00,0.00
0.00,0.00
0.00,0.00
0.00,0.00
0.00,0.00
0.00,0.00
0.00,0.00
0.00,0.00
0.00,0.00
0.00,0.00
0.00,0.00
0.00,0.00
0.00,0.00
0.00,0.00
0.00,0.00
0.00,0.00
0.00,0.00
0.00,0.00
0.00,0.00
0.00,0.00
0.00,0.00
0.00,0.00
0.00,0.00
0.00,0.00
0.00,0.00
0.00,0.00
0.00,0.00
0.00,0.00
0.00,0.00
0.00,0.00
0.00,0.00
0.00,0.00
0.00,0.00
0.00,0.00
0.00,0.00
0.00,0.00
0.00,0.00
0.00,0.00
0.00,0.00
0.00,0.00
0.00,0.00
0.00,0.00
0.00,0.00
0.00,0.00
0.00,0.00
0.00,0.00
0.00,0.00
0.00,0.00
0.00,0.00
0.00,0.00
0.00,0.00
0.00,0.00
0.00,0.00
0.00,0.00
0.00,0.00
0.00,0.00
0.00,0.00
0.00,0.00
0.00,0.00
0.00,0.00
0.00,0.00
0.00,0.00
0.00,0.00
0.00,0.00
0.00,0.00
0.00,0.00
0.00,0.00
0.00,0.00
0.00,0.00
0.00,0.00
0.00,0.00
0.00,0.00
0.00,0.00
0.00,0.00
0.00,0.00
0.00,0.00
0.00,0.00
0.00,0.00
0.00,0.00
0.00,0.00
0.00,0.00
0.00,0.00
0.00,0.00
0.00,0.00
0.00,0.00
0.00,0.00
0.00,0.00
0.00,0.00
0.00,0.00
0.00,0.00
0.00,0.00
0.00,0.00
0.00,0.00
0.00,0.00
0.00,0.00
0.00,0.00
0.00,0.00
0.00,0.00
0.00,0.00
0.00,0.00
0.00,0.00
0.00,0.00
0.00,0.00
0.00,0.00
0.00,0.00
0.00,0.00
0.00,0.00
0.00,0.00
0.00,0.00
0.00,0.00
0.00,0.00
0.00,0.00
0.00,0.00
0.00,0.00
0.00,0.00
0.00,0.00
0.00,0.00
0.00,0.00
0.00,0.00
0.00,0.00
0.00,0.00
0.00,0.00
0.00,0.00
0.00,0.00
0.00,0.00
0.00,0.00
0.00,0.00
0.00,0.00
0.00,0.00
0.00,0.00
0.00,0.00
0.00,0.00
0.00,0.00
0.00,0.00
0.00,0.00
0.00,0.00
0.00,0.00
0.00,0.00
0.00,0.00
0.00,0.00
0.00,0.00
0.00,0.00
0.00,0.00
0.00,0.00
0.00,0.00
0.00,0.00
0.00,0.00
0.00,0.00
0.00,0.00
0.00,0.00
0.00,0.00
0.00,0.00
0.00,0.00
0.00,0.00
0.00,0.00
0.00,0.00
0.00,0.00
0.00,0.00
0.00,0.00
0.00,0.00
0.00,0.00
0.00,0.00
0.00,0.00
0.00,0.00
0.00,0.00
0.00,0.00
0.00,0.00
0.00,0.00
0.00,0.00
0.00,0.00
0.00,0.00
0.00,0.00
0.00,0.00
0.00,0.00
0.00,0.00
0.00,0.00
0.00,0.00
0.00,0.00
0.00,0.00
0.00,0.00
0.00,0.00
0.00,0.00
0.00,0.00
0.00,0.00
0.00,0.00
0.00,0.00
0.00,0.00
0.00,0.00
0.00,0.00
0.00,0.00
0.00,0.00
0.00,0.00
0.00,0.00
0.00,0.00
0.00,0.00
0.00,0.00
0.00,0.00
0.00,0.00
0.00,0.00
0.00,0.00
0.00,0.00
0.00,0.00
0.00,0.00
0.00,0.00
0.00,0.00
0.00,0.00
0.00,0.00
0.00,0.00
0.00,0.00
0.00,0.00
0.00,0.00
0.00,0.00
0.00,0.00
0.00,0.00
0.00,0.00
0.00,0.00
0.00,0.00
0.00,0.00
0.00,0.00
0.00,0.00
0.00,0.00
0.00,0.00
0.00,0.00
0.00,0.00
0.00,0.00
0.00,0.00
0.00,0.00
0.00,0.00
0.00,0.00
0.00,0.00
0.00,0.00
0.00,0.00
0.00,0.00
0.00,0.00
0.00,0.00
0.00,0.00
0.00,0.00
0.00,0.00
0.00,0.00
0.00,0.00
0.00,0.00
0.00,0.00
0.00,0.00
0.00,0.00
0.00,0.00
0.00,0.00
0.00,0.00
0.00,0.00
0.00,0.00
0.00,0.00
0.00,0.00
0.00,0.00
0.00,0.00
0.00,0.00
0.00,0.00
0.00,0.00
0.00,0.00
0.00,0.00
0.00,0.00
0.00,0.00
0.00,0.00
0.00,0.00
0.00,0.00
0.00,0.00
0.00,0.00
0.00,0.00
0.00,0.00
0.00,0.00
0.00,0.00
0.00,0.00
0.00,0.00
0.00,0.00
0.00,0.00
0.00,0.00
0.00,0.00
0.00,0.00
0.00,0.00
0.00,0.00
0.00,0.00
0.00,0.00
0.00,0.00
0.00,0.00
0.00,0.00
0.00,0.00
0.00,0.00
0.00,0.00
0.00,0.00
0.00,0.00
0.00,0.00
0.00,0.00
0.00,0.00
0.00,0.00
0.00,0.00
0.00,0.00
0.00,0.00
0.00,0.00
0.00,0.00
0.00,0.00
0.00,0.00
0.00,0.00
0.00,0.00
0.00,0.00
0.00,0.00
0.00,0.00
0.00,0.00
0.00,0.00
0.00,0.00
0.00,0.00
0.00,0.00
0.00,0.00
0.00,0.00
0.00,0.00
0.00,0.00
0.00,0.00
0.00,0.00
0.00,0.00
0.00,0.00
0.00,0.00
0.00,0.00
0.00,0.00
0.00,0.00
0.00,0.00
0.00,0.00
0.00,0.00
0.00,0.00
0.00,0.00
0.00,0.00
0.00,0.00
0.00,0.00
0.00,0.00
0.00,0.00
0.00,0.00
0.00,0.00
0.00,0.00
0.00,0.00
0.00,0.00
0.00,0.00
0.00,0.00
0.00,0.00
0.00,0.00
0.00,0.00
0.00,0.00
0.00,0.00
0.00,0.00
0.00,0.00
0.00,0.00
0.00,0.00
0.00,0.00
0.00,0.00
0.00,0.00
0.00,0.00
0.00,0.00
0.00,0.00
0.00,0.00
0.00,0.00
0.00,0.00
0.00,0.00
0.00,0.00
0.00,0.00
0.00,0.00
0.00,0.00
0.00,0.00
0.00,0.00
0.00,0.00
0.00,0.00
0.00,0.00
0.00,0.00
0.00,0.00
0.00,0.00
0.00,0.00
0.00,0.00
0.00,0.00
0.00,0.00
0.00,0.00
0.00,0.00
0.00,0.00
0.00,0.00
0.00,0.00
0.00,0.00
0.00,0.00
0.00,0.00
0.00,0.00
0.00,0.00
0.00,0.00
0.00,0.00
0.00,0.00
0.00,0.00
0.00,0.00
0.00,0.00
0.00,0.00
0.00,0.00
0.00,0.00
0.00,0.00
0.00,0.00
0.00,0.00
0.00,0.00
0.00,0.00
0.00,0.00
0.00,0.00
0.00,0.00
0.00,0.00
0.00,0.00
0.00,0.00
0.00,0.00
0.00,0.00
0.00,0.00
0.00,0.00
0.00,0.00
0.00,0.00
0.00,0.00
0.00,0.00
0.00,0.00
0.00,0.00
0.00,0.00
0.00,0.00
0.00,0.00
0.00,0.00
0.00,0.00
0.00,0.00
0.00,0.00
0.00,0.00
0.00,0.00
0.00,0.00
0.00,0.00
0.00,0.00
0.00,0.00
0.00,0.00
0.00,0.00
0.00,0.00
0.00,0.00
0.00,0.00
0.00,0.00
0.00,0.00
0.00,0.00
0.00,0.00
0.00,0.00
0.00,0.00
0.00,0.00
0.00,0.00
0.00,0.00
0.00,0.00
0.00,0.00
0.00,0.00
0.00,0.00
0.00,0.00
0.00,0.00
0.00,0.00
0.00,0.00
0.00,0.00
0.00,0.00
0.00,0.00
0.00,0.00
0.00,0.00
0.00,0.00
0.00,0.00
0.00,0.00
0.00,0.00
0.00,0.00
0.00,0.00
0.00,0.00
0.00,0.00
0.00,0.00
0.00,0.00
0.00,0.00
0.00,0.00
0.00,0.00
0.00,0.00
0.00,0.00
0.00,0.00
0.00,0.00
0.00,0.00
0.00,0.00
0.00,0.00
0.00,0.00
0.00,0.00
0.00,0.00
0.00,0.00
0.00,0.00
0.00,0.00
0.00,0.00
0.00,0.00
0.00,0.00
0.00,0.00
0.00,0.00
0.00,0.00
0.00,0.00
0.00,0.00
0.00,0.00
0.00,0.00
0.00,0.00
0.00,0.00
0.00,0.00
0.00,0.00
0.00,0.00
0.00,0.00
0.00,0.00
0.00,0.00
0.00,0.00
0.00,0.00
0.00,0.00
0.00,0.00
0.00,0.00
0.00,0.00
0.00,0.00
0.00,0.00
0.00,0.00
0.00,0.00
0.00,0.00
0.00,0.00
0.00,0.00
0.00,0.00
0.00,0.00
0.00,0.00
0.00,0.00
0.00,0.00
0.00,0.00
0.00,0.00
0.00,0.00
0.00,0.00
0.00,0.00
0.00,0.00
0.00,0.00
0.00,0.00
0.00,0.00
0.00,0.00
0.00,0.00
0.00,0.00
0.00,0.00
0.00,0.00
0.00,0.00
0.00,0.00
0.00,0.00
0.00,0.00
0.00,0.00
0.00,0.00
0.00,0.00
0.00,0.00
0.00,0.00
0.00,0.00
0.00,0.00
0.00,0.00
0.00,0.00
0.00,0.00
0.00,0.00
0.00,0.00
0.00,0.00
0.00,0.00
0.00,0.00
0.00,0.00
0.00,0.00
0.00,0.00
0.00,0.00
0.00,0.00
0.00,0.00
0.00,0.00
0.00,0.00
0.00,0.00
0.00,0.00
0.00,0.00
0.00,0.00
0.00,0.00
0.00,0.00
0.00,0.00
0.00,0.00
0.00,0.00
0.00,0.00
0.00,0.00
0.00,0.00
0.00,0.00
0.00,0.00
0.00,0.00
0.00,0.00
0.00,0.00
0.00,0.00
0.00,0.00
0.00,0.00
0.00,0.00
0.00,0.00
0.00,0.00
0.00,0.00
0.00,0.00
0.00,0.00
0.00,0.00
0.00,0.00
0.00,0.00
0.00,0.00
0.00,0.00
0.00,0.00
0.00,0.00
0.00,0.00
0.00,0.00
0.00,0.00
0.00,0.00
0.00,0.00
0.00,0.00
0.00,0.00
0.00,0.00
0.00,0.00
0.00,0.00
0.00,0.00
0.00,0.00
0.00,0.00
0.00,0.00
0.00,0.00
0.00,0.00
0.00,0.00
0.00,0.00
0.00,0.00
0.00,0.00
0.00,0.00
0.00,0.00
0.00,0.00
0.00,0.00
0.00,0.00
0.00,0.00
0.00,0.00
0.00,0.00
0.00,0.00
0.00,0.00
0.00,0.00
0.00,0.00
0.00,0.00
0.00,0.00
0.00,0.00
0.00,0.00
0.00,0.00
0.00,0.00
0.00,0.00
0.00,0.00
0.00,0.00
0.00,0.00
0.00,0.00
0.00,0.00
0.00,0.00
0.00,0.00
0.00,0.00
0.00,0.00
0.00,0.00
0.00,0.00
0.00,0.00
0.00,0.00
0.00,0.00
0.00,0.00
0.00,0.00
0.00,0.00
0.00,0.00
0.00,0.00
0.00,0.00
0.00,0.00
0.00,0.00
0.00,0.00
0.00,0.00
0.00,0.00
0.00,0.00
0.00,0.00
0.00,0.00
0.00,0.00
0.00,0.00
0.00,0.00
0.00,0.00
0.00,0.00
0.00,0.00
0.00,0.00
0.00,0.00
0.00,0.00
0.00,0.00
0.00,0.00
0.00,0.00
0.00,0.00
0.00,0.00
0.00,0.00
0.00,0.00
0.00,0.00
0.00,0.00
0.00,0.00
0.00,0.00
0.00,0.00
0.00,0.00
0.00,0.00
0.00,0.00
0.00,0.00
0.00,0.00
0.00,0.00
0.00,0.00
0.00,0.00
0.00,0.00
0.00,0.00
0.00,0.00
0.00,0.00
0.00,0.00
0.00,0.00
0.00,0.00
0.00,0.00
0.00,0.00
0.00,0.00
0.00,0.00
0.00,0.00
0.00,0.00
0.00,0.00
0.00,0.00
0.00,0.00
0.00,0.00
0.00,0.00
0.00,0.00
0.00,0.00
0.00,0.00
0.00,0.00
0.00,0.00
0.00,0.00
0.00,0.00
0.00,0.00
0.00,0.00
0.00,0.00
0.00,0.00
0.00,0.00
0.00,0.00
0.00,0.00
0.00,0.00
0.00,0.00
0.00,0.00
0.00,0.00
0.00,0.00
0.00,0.00
0.00,0.00
0.00,0.00
0.00,0.00
0.00,0.00
0.00,0.00
0.00,0.00
0.00,0.00
0.00,0.00
0.00,0.00
0.00,0.00
0.00,0.00
0.00,0.00
0.00,0.00
0.00,0.00
0.00,0.00
0.00,0.00
0.00,0.00
0.00,0.00
0.00,0.00
0.00,0.00
0.00,0.00
0.00,0.00
0.00,0.00
0.00,0.00
0.00,0.00
0.00,0.00
0.00,0.00
0.00,0.00
0.00,0.00
0.00,0.00
0.00,0.00
0.00,0.00
0.00,0.00
0.00,0.00
0.00,0.00
0.00,0.00
0.00,0.00
0.00,0.00
0.00,0.00
0.00,0.00
0.00,0.00
0.00,0.00
0.00,0.00
0.00,0.00
0.00,0.00
0.00,0.00
0.00,0.00
0.00,0.00
0.00,0.00
0.00,0.00
0.00,0.00
0.00,0.00
0.00,0.00
0.00,0.00
0.00,0.00
0.00,0.00
0.00,0.00
0.00,0.00
0.00,0.00
0.00,0.00
0.00,0.00
0.00,0.00
0.00,0.00
0.00,0.00
0.00,0.00
0.00,0.00
0.00,0.00
0.00,0.00
0.00,0.00
0.00,0.00
0.00,0.00
0.00,0.00
0.00,0.00
0.00,0.00
0.00,0.00
0.00,0.00
0.00,0.00
0.00,0.00
0.00,0.00
0.00,0.00
0.00,0.00
0.00,0.00
0.00,0.00
0.00,0.00
0.00,0.00
0.00,0.00
0.00,0.00
0.00,0.00
0.00,0.00
0.00,0.00
0.00,0.00
0.00,0.00
0.00,0.00
0.00,0.00
0.00,0.00
0.00,0.00
0.00,0.00
0.00,0.00
0.00,0.00
0.00,0.00
0.00,0.00
0.00,0.00
0.00,0.00
0.00,0.00
0.00,0.00
0.00,0.00
0.00,0.00
0.00,0.00
0.00,0.00
0.00,0.00
0.00,0.00
0.00,0.00
0.00,0.00
0.00,0.00
0.00,0.00
0.00,0.00
0.00,0.00
0.00,0.00
0.00,0.00
0.00,0.00
0.00,0.00
0.00,0.00
0.00,0.00
0.00,0.00
0.00,0.00
0.00,0.00
0.00,0.00
0.00,0.00
0.00,0.00
0.00,0.00
0.00,0.00
0.00,0.00
0.00,0.00
0.00,0.00
0.00,0.00
0.00,0.00
0.00,0.00
0.00,0.00
0.00,0.00
0.00,0.00
0.00,0.00
0.00,0.00
0.00,0.00
0.00,0.00
0.00,0.00
0.00,0.00
0.00,0.00
0.00,0.00
0.00,0.00
0.00,0.00
0.00,0.00
0.00,0.00
0.00,0.00
0.00,0.00
0.00,0.00
0.00,0.00
0.00,0.00
0.00,0.00
0.00,0.00
0.00,0.00
0.00,0.00
0.00,0.00
0.00,0.00
0.00,0.00
0.00,0.00
0.00,0.00
0.00,0.00
0.00,0.00
0.00,0.00
0.00,0.00
0.00,0.00
0.00,0.00
0.00,0.00
0.00,0.00
0.00,0.00
0.00,0.00
0.00,0.00
0.00,0.00
0.00,0.00
0.00,0.00
0.00,0.00
0.00,0.00
0.00,0.00
0.00,0.00
0.00,0.00
0.00,0.00
0.00,0.00
0.00,0.00
0.00,0.00
0.00,0.00
0.00,0.00
0.00,0.00
0.00,0.00
0.00,0.00
0.00,0.00
0.00,0.00
0.00,0.00
0.00,0.00
0.00,0.00
0.00,0.00
0.00,0.00
0.00,0.00
0.00,0.00
0.00,0.00
0.00,0.00
0.00,0.00
0.00,0.00
0.00,0.00
0.00,0.00
0.00,0.00
0.00,0.00
0.00,0.00
0.00,0.00
0.00,0.00
0.00,0.00
0.00,0.00
0.00,0.00
0.00,0.00
0.00,0.00
0.00,0.00
0.00,0.00
0.00,0.00
0.00,0.00
0.00,0.00
0.00,0.00
0.00,0.00
0.00,0.00
0.00,0.00
0.00,0.00
0.00,0.00
0.00,0.00
0.00,0.00
0.00,0.00
0.00,0.00
0.00,0.00
0.00,0.00
0.00,0.00
0.00,0.00
0.00,0.00
0.00,0.00
0.00,0.00
0.00,0.00
0.00,0.00
0.00,0.00
0.00,0.00
0.00,0.00
0.00,0.00
0.00,0.00
0.00,0.00
0.00,0.00
0.00,0.00
0.00,0.00
0.00,0.00
0.00,0.00
0.00,0.00
0.00,0.00
0.00,0.00
0.00,0.00
0.00,0.00
0.00,0.00
0.00,0.00
0.00,0.00
0.00,0.00
0.00,0.00
0.00,0.00
0.00,0.00
0.00,0.00
0.00,0.00
0.00,0.00
0.00,0.00
0.00,0.00
0.00,0.00
0.00,0.00
0.00,0.00
0.00,0.00
0.00,0.00
0.00,0.00
0.00,0.00
0.00,0.00
0.00,0.00
0.00,0.00
0.00,0.00
0.00,0.00
0.00,0.00
0.00,0.00
0.00,0.00
0.00,0.00
0.00,0.00
0.00,0.00
0.00,0.00
0.00,0.00
0.00,0.00
0.00,0.00
0.00,0.00
0.00,0.00
0.00,0.00
0.00,0.00
0.00,0.00
0.00,0.00
0.00,0.00
0.00,0.00
0.00,0.00
0.00,0.00
0.00,0.00
0.00,0.00
0.00,0.00
0.00,0.00
0.00,0.00
0.00,0.00
0.00,0.00
0.00,0.00
0.00,0.00
0.00,0.00
0.00,0.00
0.00,0.00
0.00,0.00
0.00,0.00
0.00,0.00
0.00,0.00
0.00,0.00
0.00,0.00
0.00,0.00
0.00,0.00
0.00,0.00
0.00,0.00
0.00,0.00
0.00,0.00
0.00,0.00
0.00,0.00
0.00,0.00
0.00,0.00
0.00,0.00
0.00,0.00
0.00,0.00
0.00,0.00
0.00,0.00
0.00,0.00
0.00,0.00
0.00,0.00
0.00,0.00
0.00,0.00
0.00,0.00
0.00,0.00
0.00,0.00
0.00,0.00
0.00,0.00
0.00,0.00
0.00,0.00
0.00,0.00
0.00,0.00
0.00,0.00
0.00,0.00
0.00,0.00
0.00,0.00
0.00,0.00
0.00,0.00
0.00,0.00
0.00,0.00
0.00,0.00
0.00,0.00
0.00,0.00
0.00,0.00
0.00,0.00
0.00,0.00
0.00,0.00
0.00,0.00
0.00,0.00
0.00,0.00
0.00,0.00
0.00,0.00
0.00,0.00
0.00,0.00
0.00,0.00
0.00,0.00
0.00,0.00
0.00,0.00
0.00,0.00
0.00,0.00
0.00,0.00
0.00,0.00
0.00,0.00
0.00,0.00
0.00,0.00
0.00,0.00
0.00,0.00
0.00,0.00
0.00,0.00
0.00,0.00
0.00,0.00
0.00,0.00
0.00,0.00
0.00,0.00
0.00,0.00
0.00,0.00
0.00,0.00
0.00,0.00
0.00,0.00
0.00,0.00
0.00,0.00
0.00,0.00
0.00,0.00
0.00,0.00
0.00,0.00
0.00,0.00
0.00,0.00
0.00,0.00
0.00,0.00
0.00,0.00
0.00,0.00
0.00,0.00
0.00,0.00
0.00,0.00
0.00,0.00
0.00,0.00
0.00,0.00
0.00,0.00
0.00,0.00
0.00,0.00
0.00,0.00
0.00,0.00
0.00,0.00
0.00,0.00
0.00,0.00
0.00,0.00
0.00,0.00
0.00,0.00
0.00,0.00
0.00,0.00
0.00,0.00
0.00,0.00
0.00,0.00
0.00,0.00
0.00,0.00
0.00,0.00
0.00,0.00
0.00,0.00
0.00,0.00
0.00,0.00
0.00,0.00
0.00,0.00
0.00,0.00
0.00,0.00
0.00,0.00
0.00,0.00
0.00,0.00
0.00,0.00
0.00,0.00
0.00,0.00
0.00,0.00
0.00,0.00
0.00,0.00
0.00,0.00
0.00,0.00
0.00,0.00
0.00,0.00
0.00,0.00
0.00,0.00
0.00,0.00
0.00,0.00
0.00,0.00
0.00,0.00
0.00,0.00
0.00,0.00
0.00,0.00
0.00,0.00
0.00,0.00
0.00,0.00
0.00,0.00
0.00,0.00
0.00,0.00
0.00,0.00
0.00,0.00
0.00,0.00
0.00,0.00
0.00,0.00
0.00,0.00
0.00,0.00
0.00,0.00
0.00,0.00
0.00,0.00
0.00,0.00
0.00,0.00
0.00,0.00
0.00,0.00
0.00,0.00
0.00,0.00
0.00,0.00
0.00,0.00
0.00,0.00
0.00,0.00
0.00,0.00
0.00,0.00
0.00,0.00
0.00,0.00
0.00,0.00
0.00,0.00
0.00,0.00
0.00,0.00
0.00,0.00
0.00,0.00
0.00,0.00
0.00,0.00
0.00,0.00
0.00,0.00
0.00,0.00
0.00,0.00
0.00,0.00
0.00,0.00
0.00,0.00
0.00,0.00
0.00,0.00
0.00,0.00
0.00,0.00
0.00,0.00
0.00,0.00
0.00,0.00
0.00,0.00
0.00,0.00
0.00,0.00
0.00,0.00
0.00,0.00
0.00,0.00
0.00,0.00
0.00,0.00
0.00,0.00
0.00,0.00
0.00,0.00
0.00,0.00
0.00,0.00
0.00,0.00
0.00,0.00
0.00,0.00
0.00,0.00
0.00,0.00
0.00,0.00
0.00,0.00
0.00,0.00
0.00,0.00
0.00,0.00
0.00,0.00
0.00,0.00
0.00,0.00
0.00,0.00
0.00,0.00
0.00,0.00
0.00,0.00
0.00,0.00
0.00,0.00
0.00,0.00
0.00,0.00
0.00,0.00
0.00,0.00
0.00,0.00
0.00,0.00
0.00,0.00
0.00,0.00
0.00,0.00
0.00,0.00
0.00,0.00
0.00,0.00
0.00,0.00
0.00,0.00
0.00,0.00
0.00,0.00
0.00,0.00
0.00,0.00
0.00,0.00
0.00,0.00
0.00,0.00
0.00,0.00
0.00,0.00
0.00,0.00
0.00,0.00
0.00,0.00
0.00,0.00
0.00,0.00
0.00,0.00
0.00,0.00
0.00,0.00
0.00,0.00
0.00,0.00
0.00,0.00
0.00,0.00
0.00,0.00
0.00,0.00
0.00,0.00
0.00,0.00
0.00,0.00
0.00,0.00
0.00,0.00
0.00,0.00
0.00,0.00
0.00,0.00
0.00,0.00
0.00,0.00
0.00,0.00
0.00,0.00
0.00,0.00
0.00,0.00
0.00,0.00
0.00,0.00
0.00,0.00
0.00,0.00
0.00,0.00
0.00,0.00
0.00,0.00
0.00,0.00
0.00,0.00
0.00,0.00
0.00,0.00
0.00,0.00
0.00,0.00
0.00,0.00
0.00,0.00
0.00,0.00
0.00,0.00
0.00,0.00
0.00,0.00
0.00,0.00
0.00,0.00
0.00,0.00
0.00,0.00
0.00,0.00
0.00,0.00
0.00,0.00
0.00,0.00
0.00,0.00
0.00,0.00
0.00,0.00
0.00,0.00
0.00,0.00
0.00,0.00
0.00,0.00
0.00,0.00
0.00,0.00
0.00,0.00
0.00,0.00
0.00,0.00
0.00,0.00
0.00,0.00
0.00,0.00
0.00,0.00
0.00,0.00
0.00,0.00
0.00,0.00
0.00,0.00
0.00,0.00
0.00,0.00
0.00,0.00
0.00,0.00
0.00,0.00
0.00,0.00
0.00,0.00
0.00,0.00
0.00,0.00
0.00,0.00
0.00,0.00
0.00,0.00
0.00,0.00
0.00,0.00
0.00,0.00
0.00,0.00
0.00,0.00
0.00,0.00
0.00,0.00
0.00,0.00
0.00,0.00
0.00,0.00
0.00,0.00
0.00,0.00
0.00,0.00
0.00,0.00
0.00,0.00
0.00,0.00
0.00,0.00
0.00,0.00
0.00,0.00
0.00,0.00
0.00,0.00
0.00,0.00
0.00,0.00
0.00,0.00
0.00,0.00
0.00,0.00
0.00,0.00
0.00,0.00
0.00,0.00
0.00,0.00
0.00,0.00
0.00,0.00
0.00,0.00
0.00,0.00
0.00,0.00
0.00,0.00
0.00,0.00
0.00,0.00
0.00,0.00
0.00,0.00
0.00,0.00
0.00,0.00
0.00,0.00
0.00,0.00
0.00,0.00
0.00,0.00
0.00,0.00
0.00,0.00
0.00,0.00
0.00,0.00
0.00,0.00
0.00,0.00
0.00,0.00
0.00,0.00
0.00,0.00
0.00,0.00
0.00,0.00
0.00,0.00
0.00,0.00
0.00,0.00
0.00,0.00
0.00,0.00
0.00,0.00
0.00,0.00
0.00,0.00
0.00,0.00
0.00,0.00
0.00,0.00
0.00,0.00
0.00,0.00
0.00,0.00
0.00,0.00
0.00,0.00
0.00,0.00
0.00,0.00
0.00,0.00
0.00,0.00
0.00,0.00
0.00,0.00
0.00,0.00
0.00,0.00
0.00,0.00
0.00,0.00
0.00,0.00
0.00,0.00
0.00,0.00
0.00,0.00
0.00,0.00
0.00,0.00
0.00,0.00
0.00,0.00
0.00,0.00
0.00,0.00
0.00,0.00
0.00,0.00
0.00,0.00
0.00,0.00
0.00,0.00
0.00,0.00
0.00,0.00
0.00,0.00
0.00,0.00
0.00,0.00
0.00,0.00
0.00,0.00
0.00,0.00
0.00,0.00
0.00,0.00
0.00,0.00
0.00,0.00
0.00,0.00
0.00,0.00
0.00,0.00
0.00,0.00
0.00,0.00
0.00,0.00
0.00,0.00
0.00,0.00
0.00,0.00
0.00,0.00
0.00,0.00
0.00,0.00
0.00,0.00
0.00,0.00
0.00,0.00
0.00,0.00
0.00,0.00
0.00,0.00
0.00,0.00
0.00,0.00
0.00,0.00
0.00,0.00
0.00,0.00
0.00,0.00
0.00,0.00
0.00,0.00
0.00,0.00
0.00,0.00
0.00,0.00
0.00,0.00
0.00,0.00
0.00,0.00
0.00,0.00
0.00,0.00
0.00,0.00
0.00,0.00
0.00,0.00
0.00,0.00
0.00,0.00
0.00,0.00
0.00,0.00
0.00,0.00
0.00,0.00
0.00,0.00
0.00,0.00
0.00,0.00
0.00,0.00
0.00,0.00
0.00,0.00
0.00,0.00
0.00,0.00
0.00,0.00
0.00,0.00
0.00,0.00
0.00,0.00
0.00,0.00
0.00,0.00
0.00,0.00
0.00,0.00
0.00,0.00
0.00,0.00
0.00,0.00
0.00,0.00
0.00,0.00
0.00,0.00
0.00,0.00
0.00,0.00
0.00,0.00
0.00,0.00
0.00,0.00
0.00,0.00
0.00,0.00
0.00,0.00
0.00,0.00
0.00,0.00
0.00,0.00
0.00,0.00
0.00,0.00
0.00,0.00
0.00,0.00
0.00,0.00
0.00,0.00
0.00,0.00
0.00,0.00
0.00,0.00
0.00,0.00
0.00,0.00
0.00,0.00
0.00,0.00
0.00,0.00
0.00,0.00
0.00,0.00
0.00,0.00
0.00,0.00
0.00,0.00
0.00,0.00
0.00,0.00
0.00,0.00
0.00,0.00
0.00,0.00
0.00,0.00
0.00,0.00
0.00,0.00
0.00,0.00
0.00,0.00
0.00,0.00
0.00,0.00
0.00,0.00
0.00,0.00
0.00,0.00
0.00,0.00
0.00,0.00
0.00,0.00
0.00,0.00
0.00,0.00
0.00,0.00
0.00,0.00
0.00,0.00
0.00,0.00
0.00,0.00
0.00,0.00
0.00,0.00
0.00,0.00
0.00,0.00
0.00,0.00
0.00,0.00
0.00,0.00
0.00,0.00
0.00,0.00
0.00,0.00
0.00,0.00
0.00,0.00
0.00,0.00
0.00,0.00
0.00,0.00
0.00,0.00
0.00,0.00
0.00,0.00
0.00,0.00
0.00,0.00
0.00,0.00
0.00,0.00
0.00,0.00
0.00,0.00
0.00,0.00
0.00,0.00
0.00,0.00
0.00,0.00
0.00,0.00
0.00,0.00
0.00,0.00
0.00,0.00
0.00,0.00
0.00,0.00
0.00,0.00
0.00,0.00
0.00,0.00
0.00,0.00
0.00,0.00
0.00,0.00
0.00,0.00
0.00,0.00
0.00,0.00
0.00,0.00
0.00,0.00
0.00,0.00
0.00,0.00
0.00,0.00
0.00,0.00
0.00,0.00
0.00,0.00
0.00,0.00
0.00,0.00
0.00,0.00
0.00,0.00
0.00,0.00
0.00,0.00
0.00,0.00
0.00,0.00
0.00,0.00
0.00,0.00
0.00,0.00
0.00,0.00
0.00,0.00
0.00,0.00
0.00,0.00
0.00,0.00
0.00,0.00
0.00,0.00
0.00,0.00
0.00,0.00
0.00,0.00
0.00,0.00
0.00,0.00
0.00,0.00
0.00,0.00
0.00,0.00
0.00,0.00
0.00,0.00
0.00,0.00
0.00,0.00
0.00,0.00
0.00,0.00
0.00,0.00
0.00,0.00
0.00,0.00
0.00,0.00
0.00,0.00
0.00,0.00
0.00,0.00
0.00,0.00
0.00,0.00
0.00,0.00
0.00,0.00
0.00,0.00
0.00,0.00
0.00,0.00
0.00,0.00
0.00,0.00
0.00,0.00
0.00,0.00
0.00,0.00
0.00,0.00
0.00,0.00
0.00,0.00
0.00,0.00
0.00,0.00
0.00,0.00
0.00,0.00
0.00,0.00
0.00,0.00
0.00,0.00
0.00,0.00
0.00,0.00
0.00,0.00
0.00,0.00
0.00,0.00
0.00,0.00
0.00,0.00
0.00,0.00
0.00,0.00
0.00,0.00
0.00,0.00
0.00,0.00
0.00,0.00
0.00,0.00
0.00,0.00
0.00,0.00
0.00,0.00
0.00,0.00
0.00,0.00
0.00,0.00
0.00,0.00
0.00,0.00
0.00,0.00
0.00,0.00
0.00,0.00
0.00,0.00
0.00,0.00
0.00,0.00
0.00,0.00
0.00,0.00
0.00,0.00
0.00,0.00
0.00,0.00
0.00,0.00
0.00,0.00
0.00,0.00
0.00,0.00
0.00,0.00
0.00,0.00
0.00,0.00
0.00,0.00
0.00,0.00
0.00,0.00
0.00,0.00
0.00,0.00
0.00,0.00
0.00,0.00
0.00,0.00
0.00,0.00
0.00,0.00
0.00,0.00
0.00,0.00
0.00,0.00
0.00,0.00
0.00,0.00
0.00,0.00
0.00,0.00
0.00,0.00
0.00,0.00
0.00,0.00
0.00,0.00
0.00,0.00
0.00,0.00
0.00,0.00
0.00,0.00
0.00,0.00
0.00,0.00
0.00,0.00
0.00,0.00
0.00,0.00
0.00,0.00
0.00,0.00
0.00,0.00
0.00,0.00
0.00,0.00
0.00,0.00
0.00,0.00
0.00,0.00
0.00,0.00
0.00,0.00
0.00,0.00
0.00,0.00
0.00,0.00
0.00,0.00
0.00,0.00
0.00,0.00
0.00,0.00
0.00,0.00
0.00,0.00
0.00,0.00
0.00,0.00
0.00,0.00
0.00,0.00
0.00,0.00
0.00,0.00
0.00,0.00
0.00,0.00
0.00,0.00
0.00,0.00
0.00,0.00
0.00,0.00
0.00,0.00
0.00,0.00
0.00,0.00
0.00,0.00
0.00,0.00
0.00,0.00
0.00,0.00
0.00,0.00
0.00,0.00
0.00,0.00
0.00,0.00
0.00,0.00
0.00,0.00
0.00,0.00
0.00,0.00
0.00,0.00
0.00,0.00
0.00,0.00
0.00,0.00
0.00,0.00
0.00,0.00
0.00,0.00
0.00,0.00
0.00,0.00
0.00,0.00
0.00,0.00
0.00,0.00
0.00,0.00
0.00,0.00
0.00,0.00
0.00,0.00
0.00,0.00
0.00,0.00
0.00,0.00
0.00,0.00
0.00,0.00
0.00,0.00
0.00,0.00
0.00,0.00
0.00,0.00
0.00,0.00
0.00,0.00
0.00,0.00
0.00,0.00
0.00,0.00
0.00,0.00
0.00,0.00
0.00,0.00
0.00,0.00
0.00,0.00
0.00,0.00
0.00,0.00
0.00,0.00
0.00,0.00
0.00,0.00
0.00,0.00
0.00,0.00
0.00,0.00
0.00,0.00
0.00,0.00
0.00,0.00
0.00,0.00
0.00,0.00
0.00,0.00
0.00,0.00
0.00,0.00
0.00,0.00
0.00,0.00
0.00,0.00
0.00,0.00
0.00,0.00
0.00,0.00
0.00,0.00
0.00,0.00
0.00,0.00
0.00,0.00
0.00,0.00
0.00,0.00
0.00,0.00
0.00,0.00
0.00,0.00
0.00,0.00
0.00,0.00
0.00,0.00
0.00,0.00
0.00,0.00
0.00,0.00
0.00,0.00
0.00,0.00
0.00,0.00
0.00,0.00
0.00,0.00
0.00,0.00
0.00,0.00
0.00,0.00
0.00,0.00
0.00,0.00
0.00,0.00
0.00,0.00
0.00,0.00
0.00,0.00
0.00,0.00
189.00,19.09
166.00,96.01
197.00,300.81
191.00,769.70
204.00,1798.40
170.00,4003.92
184.00,8695.82
179.00,18645.13
202.00,39720.41
193.00,84336.49
214.00,178765.11
213.00,378595.31
216.00,801453.44
208.00,1696232.25
230.00,3589588.50
222.00,7595920.00
227.00,16073276.00
229.00,34011256.00
254.00,71967784.00
227.00,152283264.00
241.00,322229696.00
241.00,681833920.00
233.00,1442751360.00
212.00,3052841984.00
231.00,6459770368.00
229.00,13668782080.00
216.00,28922947584.00
189.00,61200539648.00
201.00,129499471872.00
178.00,274019024896.00
205.00,579820322816.00
167.00,1226891591680.00
200.00,2596085170176.00
194.00,5493278900224.00
218.00,11623699841024.00
201.00,24595583205376.00
226.00,52043901304832.00
202.00,110124152651776.00
217.00,233021118611456.00
201.00,493069359120384.00
216.00,1043327751290880.00
193.00,2207666608799744.00
221.00,4671391114723328.00
208.00,9884596648804352.00
220.00,20915666097799168.00
203.00,44257249983463424.00
244.00,93647707440152576.00
202.00,198157215373197312.00
243.00,419297865899180030.00
226.00,887228230606520320.00
234.00,1877362228357758980.00
203.00,3972471739480277000.00
224.00,8405692727068459000.00
189.00,17786326812532408000.00
222.00,37635614515702790000.00
209.00,79636413338978620000.00
230.00,168509515999647630000.00
209.00,356563704404036800000.00
228.00,754483753079984400000.00
210.00,1596476809781916500000.00
237.00,3378122214467914700000.00
224.00,7148058159467016000000.00
246.00,15125188477936294000000.00
227.00,32004682133120727000000.00
238.00,67721451755501960000000.00
223.00,143297613606702290000000.00
235.00,303215689580621350000000.00
221.00,641600096737770000000000.00
245.00,1357616664911893500000000.00
223.00,2872697043079981000000000.00
236.00,6078586095148331000000000.00
217.00,12862200984186319000000000.00
239.00,27216233972630704000000000.00
212.00,57589162413188940000000000.00
227.00,121857844738607920000000000.00
208.00,257849455659283580000000000.00
231.00,545605768935045060000000000.00
196.00,1154493978858666300000000000.00
216.00,2442892872948390200000000000.00
202.00,5169126554277338000000000000.00
238.00,10937797673670083000000000000.00
226.00,23144223685214474000000000000.00
244.00,48972848263417300000000000000.00
225.00,103625843935026900000000000000.00
238.00,219270809479196500000000000000.00
209.00,463973942541353400000000000000.00
249.00,981762235690623700000000000000.00
217.00,2077394856603751200000000000000.00
238.00,4395737696000345000000000000000.00
220.00,9301318095758407000000000000000.00
242.00,19681456205498697000000000000000.00
230.00,41645681096994550000000000000000.00
243.00,88121668827588860000000000000000.00
218.00,186464176818593200000000000000000.00
240.00,394555552979764300000000000000000.00
232.00,834873880649286300000000000000000.00
247.00,1766581288081534000000000000000000.00
227.00,3738060531250397700000000000000000.00
238.00,7909682945549655000000000000000000.00
236.00,16736776019532841000000000000000000.00
231.00,35414775718189400000000000000000000.00
220.00,74937160280731620000000000000000000.00
234.00,158565956998407790000000000000000000.00
218.00,335523305817576800000000000000000000.00
230.00,709962534324210000000000000000000000.00
231.00,1502270542444970700000000000000000000.00
236.00,3178782829017812000000000000000000000.00
228.00,6726259299810804000000000000000000000.00
224.00,14232668808520068000000000000000000000.00
200.00,30116122934681344000000000000000000000.00
205.00,∞
211.00,∞
198.00,∞
193.00,∞
202.00,∞
208.00,∞
187.00,∞
200.00,∞
201.00,∞
209.00,∞
201.00,∞
209.00,∞
201.00,∞
204.00,∞
191.00,∞
205.00,∞
199.00,∞
213.00,∞
213.00,∞
214.00,∞
206.00,∞
209.00,∞
196.00,∞
200.00,∞
196.00,∞
199.00,∞
188.00,∞
192.00,∞
188.00,∞
202.00,∞
199.00,∞
200.00,∞
194.00,∞
208.00,∞
191.00,∞
190.00,∞
195.00,∞
201.00,∞
193.00,∞
215.00,∞
213.00,∞
251.00,∞
240.00,∞
233.00,∞
227.00,∞
244.00,∞
231.00,∞
255.00,∞
239.00,∞
257.00,∞
242.00,∞
273.00,∞
256.00,∞
249.00,∞
233.00,∞
237.00,∞
212.00,∞
230.00,∞
207.00,∞
226.00,∞
205.00,∞
211.00,∞
184.00,∞
210.00,∞
197.00,∞
214.00,∞
194.00,∞
203.00,∞
180.00,∞
191.00,∞
184.00,∞
191.00,∞
166.00,∞
201.00,∞
179.00,∞
195.00,∞
190.00,∞
212.00,∞
185.00,∞
213.00,∞
191.00,∞
202.00,∞
184.00,∞
216.00,∞
174.00,∞
206.00,∞
201.00,∞
219.00,∞
198.00,∞
217.00,∞
197.00,∞
215.00,∞
189.00,∞
216.00,∞
191.00,∞
217.00,∞
192.00,∞
221.00,∞
206.00,∞
243.00,∞
227.00,∞
246.00,∞
218.00,∞
236.00,∞
209.00,∞
236.00,∞
214.00,∞
232.00,∞
209.00,∞
237.00,∞
230.00,∞
243.00,∞
230.00,∞
232.00,∞
212.00,∞
236.00,∞
229.00,∞
258.00,∞
232.00,∞
249.00,∞
223.00,∞
232.00,∞
221.00,∞
242.00,∞
221.00,∞
240.00,∞
236.00,∞
239.00,∞
219.00,∞
233.00,∞
215.00,∞
229.00,∞
218.00,∞
230.00,∞
226.00,∞
251.00,∞
231.00,∞
241.00,∞
231.00,∞
261.00,∞
223.00,∞
239.00,∞
233.00,∞
243.00,∞
233.00,∞
234.00,∞
219.00,∞
238.00,∞
230.00,∞
243.00,∞
220.00,∞
247.00,∞
236.00,∞
252.00,∞
239.00,∞
248.00,∞
229.00,∞
247.00,∞
230.00,∞
248.00,∞
239.00,∞
242.00,∞
217.00,∞
234.00,∞
216.00,∞
228.00,∞
215.00,∞
236.00,∞
229.00,∞
233.00,∞
222.00,∞
234.00,∞
228.00,∞
236.00,∞
219.00,∞
232.00,∞
224.00,∞
245.00,∞
229.00,∞
257.00,∞
232.00,∞
256.00,∞
229.00,∞
244.00,∞
233.00,∞
249.00,∞
218.00,∞
241.00,∞
219.00,∞
232.00,∞
203.00,∞
213.00,∞
193.00,∞
215.00,∞
218.00,∞
228.00,∞
207.00,∞
213.00,∞
189.00,∞
219.00,∞
216.00,∞
224.00,∞
218.00,∞
243.00,∞
220.00,∞
214.00,∞
217.00,∞
222.00,∞
206.00,∞
201.00,∞
204.00,∞
209.00,∞
207.00,∞
218.00,∞
216.00,∞
222.00,∞
222.00,∞
224.00,∞
217.00,∞
213.00,∞
206.00,∞
218.00,∞
223.00,∞
225.00,∞
226.00,∞
227.00,∞
230.00,∞
223.00,∞
206.00,∞
213.00,∞
223.00,∞
223.00,∞
208.00,∞
214.00,∞
207.00,∞
223.00,∞
232.00,∞
225.00,∞
226.00,∞
227.00,∞
223.00,∞
219.00,∞
219.00,∞
214.00,∞
229.00,∞
207.00,∞
208.00,∞
199.00,∞
208.00,∞
193.00,∞
215.00,∞
206.00,∞
207.00,∞
200.00,∞
186.00,∞
184.00,∞
213.00,∞
199.00,∞
205.00,∞
203.00,∞
210.00,∞
192.00,∞
214.00,∞
192.00,∞
219.00,∞
214.00,∞
222.00,∞
198.00,∞
212.00,∞
182.00,∞
202.00,∞
180.00,∞
208.00,∞
186.00,∞
231.00,∞
220.00,∞
223.00,∞
200.00,∞
216.00,∞
197.00,∞
213.00,∞
200.00,∞
216.00,∞
211.00,∞
240.00,∞
231.00,∞
243.00,∞
218.00,∞
235.00,∞
212.00,∞
239.00,∞
222.00,∞
243.00,∞
214.00,∞
236.00,∞
205.00,∞
226.00,∞
196.00,∞
216.00,∞
204.00,∞
232.00,∞
211.00,∞
240.00,∞
216.00,∞
236.00,∞
225.00,∞
262.00,∞
210.00,∞
229.00,∞
214.00,∞
234.00,∞
212.00,∞
243.00,∞
228.00,∞
230.00,∞
224.00,∞
241.00,∞
218.00,∞
236.00,∞
222.00,∞
223.00,∞
203.00,∞
223.00,∞
203.00,∞
220.00,∞
196.00,∞
231.00,∞
219.00,∞
245.00,∞
220.00,∞
233.00,∞
206.00,∞
225.00,∞
211.00,∞
239.00,∞
213.00,∞
244.00,∞
250.00,∞
263.00,∞
220.00,∞
262.00,∞
233.00,∞
259.00,∞
233.00,∞
237.00,∞
220.00,∞
243.00,∞
208.00,∞
234.00,∞
216.00,∞
234.00,∞
229.00,∞
240.00,∞
234.00,∞
258.00,∞
243.00,∞
246.00,∞
221.00,∞
238.00,∞
228.00,∞
246.00,∞
224.00,∞
237.00,∞
220.00,∞
240.00,∞
223.00,∞
223.00,∞
264.00,∞
218.00,∞
223.00,∞
195.00,∞
219.00,∞
194.00,∞
227.00,∞
208.00,∞
254.00,∞
209.00,∞
217.00,∞
224.00,∞
236.00,∞
211.00,∞
260.00,∞
213.00,∞
225.00,∞
194.00,∞
218.00,∞
202.00,∞
225.00,∞
208.00,∞
235.00,∞
223.00,∞
231.00,∞
223.00,∞
228.00,∞
195.00,∞
211.00,∞
184.00,∞
213.00,∞
210.00,∞
234.00,∞
205.00,∞
241.00,∞
217.00,∞
244.00,∞
218.00,∞
250.00,∞
218.00,∞
233.00,∞
207.00,∞
244.00,∞
218.00,∞
226.00,∞
214.00,∞
239.00,∞
225.00,∞
253.00,∞
242.00,∞
258.00,∞
239.00,∞
257.00,∞
224.00,∞
222.00,∞
204.00,∞
213.00,∞
196.00,∞
236.00,∞
241.00,∞
260.00,∞
247.00,∞
242.00,∞
222.00,∞
244.00,∞
215.00,∞
192.00,∞
199.00,∞
202.00,∞
191.00,∞
218.00,∞
208.00,∞
198.00,∞
190.00,∞
206.00,∞
186.00,∞
191.00,∞
192.00,∞
211.00,∞
211.00,∞
221.00,∞
238.00,∞
249.00,∞
262.00,∞
271.00,∞
261.00,∞
262.00,∞
267.00,∞
263.00,∞
260.00,∞
249.00,∞
241.00,∞
253.00,∞
254.00,∞
247.00,∞
252.00,∞
237.00,∞
221.00,∞
219.00,∞
241.00,∞
217.00,∞
232.00,∞
201.00,∞
204.00,∞
194.00,∞
214.00,∞
206.00,∞
226.00,∞
206.00,∞
229.00,∞
222.00,∞
223.00,∞
229.00,∞
239.00,∞
219.00,∞
222.00,∞
223.00,∞
238.00,∞
223.00,∞
221.00,∞
211.00,∞
237.00,∞
204.00,∞
220.00,∞
216.00,∞
215.00,∞
201.00,∞
227.00,∞
211.00,∞
228.00,∞
216.00,∞
231.00,∞
213.00,∞
228.00,∞
198.00,∞
245.00,∞
212.00,∞
220.00,∞
219.00,∞
239.00,∞
224.00,∞
233.00,∞
204.00,∞
222.00,∞
205.00,∞
240.00,∞
235.00,∞
254.00,∞
220.00,∞
247.00,∞
220.00,∞
232.00,∞
209.00,∞
239.00,∞
205.00,∞
231.00,∞
228.00,∞
235.00,∞
216.00,∞
236.00,∞
219.00,∞
247.00,∞
219.00,∞
235.00,∞
211.00,∞
236.00,∞
219.00,∞
246.00,∞
222.00,∞
234.00,∞
220.00,∞
243.00,∞
212.00,∞
246.00,∞
226.00,∞
244.00,∞
217.00,∞
227.00,∞
197.00,∞
219.00,∞
209.00,∞
230.00,∞
198.00,∞
223.00,∞
194.00,∞
225.00,∞
206.00,∞
216.00,∞
203.00,∞
234.00,∞
202.00,∞
218.00,∞
197.00,∞
221.00,∞
193.00,∞
213.00,∞
196.00,∞
221.00,∞
203.00,∞
205.00,∞
193.00,∞
219.00,∞
199.00,∞
215.00,∞
199.00,∞
231.00,∞
206.00,∞
217.00,∞
194.00,∞
207.00,∞
176.00,∞
205.00,∞
186.00,∞
207.00,∞
192.00,∞
218.00,∞
194.00,∞
201.00,∞
186.00,∞
203.00,∞
199.00,∞
207.00,∞
176.00,∞
194.00,∞
176.00,∞
198.00,∞
192.00,∞
205.00,∞
176.00,∞
201.00,∞
178.00,∞
205.00,∞
176.00,∞
198.00,∞
176.00,∞
201.00,∞
187.00,∞
195.00,∞
184.00,∞
215.00,∞
185.00,∞
212.00,∞
187.00,∞
200.00,∞
184.00,∞
207.00,∞
187.00,∞
209.00,∞
196.00,∞
237.00,∞
204.00,∞
202.00,∞
190.00,∞
220.00,∞
205.00,∞
226.00,∞
208.00,∞
227.00,∞
215.00,∞
244.00,∞
238.00,∞
268.00,∞
241.00,∞
273.00,∞
247.00,∞
279.00,∞
260.00,∞
265.00,∞
245.00,∞
265.00,∞
251.00,∞
278.00,∞
247.00,∞
268.00,∞
244.00,∞
246.00,∞
239.00,∞
260.00,∞
250.00,∞
261.00,∞
231.00,∞
242.00,∞
210.00,∞
238.00,∞
241.00,∞
253.00,∞
250.00,∞
257.00,∞
248.00,∞
264.00,∞
250.00,∞
258.00,∞
263.00,∞
270.00,∞
256.00,∞
280.00,∞
257.00,∞
252.00,∞
251.00,∞
257.00,∞
229.00,∞
216.00,∞
231.00,∞
220.00,∞
204.00,∞
207.00,∞
207.00,∞
193.00,∞
203.00,∞
190.00,∞
187.00,∞
184.00,∞
206.00,∞
205.00,∞
206.00,∞
202.00,∞
204.00,∞
187.00,∞
190.00,∞
202.00,∞
208.00,∞
199.00,∞
208.00,∞
200.00,∞
219.00,∞
223.00,∞
225.00,∞
215.00,∞
223.00,∞
225.00,∞
220.00,∞
209.00,∞
207.00,∞
194.00,∞
213.00,∞
198.00,∞
218.00,∞
212.00,∞
237.00,∞
218.00,∞
231.00,∞
220.00,∞
218.00,∞
201.00,∞
232.00,∞
223.00,∞
225.00,∞
211.00,∞
247.00,∞
219.00,∞
238.00,∞
216.00,∞
244.00,∞
208.00,∞
219.00,∞
211.00,∞
223.00,∞
211.00,∞
219.00,∞
194.00,∞
210.00,∞
193.00,∞
218.00,∞
201.00,∞
218.00,∞
208.00,∞
209.00,∞
185.00,∞
221.00,∞
203.00,∞
210.00,∞
189.00,∞
204.00,∞
186.00,∞
215.00,∞
198.00,∞
223.00,∞
205.00,∞
211.00,∞
193.00,∞
228.00,∞
210.00,∞
245.00,∞
229.00,∞
256.00,∞
234.00,∞
275.00,∞
266.00,∞
254.00,∞
225.00,∞
240.00,∞
233.00,∞
247.00,∞
234.00,∞
246.00,∞
228.00,∞
260.00,∞
218.00,∞
242.00,∞
219.00,∞
240.00,∞
221.00,∞
257.00,∞
240.00,∞
239.00,∞
197.00,∞
204.00,∞
191.00,∞
204.00,∞
179.00,∞
207.00,∞
187.00,∞
200.00,∞
180.00,∞
201.00,∞
193.00,∞
211.00,∞
198.00,∞
208.00,∞
187.00,∞
214.00,∞
193.00,∞
222.00,∞
214.00,∞
220.00,∞
204.00,∞
241.00,∞
221.00,∞
264.00,∞
231.00,∞
258.00,∞
216.00,∞
247.00,∞
230.00,∞
244.00,∞
230.00,∞
244.00,∞
222.00,∞
226.00,∞
208.00,∞
223.00,∞
195.00,∞
210.00,∞
190.00,∞
199.00,∞
181.00,∞
202.00,∞
192.00,∞
203.00,∞
184.00,∞
202.00,∞
209.00,∞
230.00,∞
193.00,∞
206.00,∞
179.00,∞
209.00,∞
194.00,∞
220.00,∞
194.00,∞
211.00,∞
197.00,∞
222.00,∞
207.00,∞
240.00,∞
203.00,∞
240.00,∞
220.00,∞
237.00,∞
214.00,∞
227.00,∞
196.00,∞
228.00,∞
206.00,∞
217.00,∞
197.00,∞
223.00,∞
200.00,∞
216.00,∞
213.00,∞
237.00,∞
235.00,∞
255.00,∞
225.00,∞
246.00,∞
215.00,∞
242.00,∞
234.00,∞
253.00,∞
244.00,∞
248.00,∞
224.00,∞
240.00,∞
229.00,∞
245.00,∞
227.00,∞
253.00,∞
225.00,∞
252.00,∞
217.00,∞
227.00,∞
223.00,∞
230.00,∞
223.00,∞
249.00,∞
246.00,∞
243.00,∞
234.00,∞
238.00,∞
242.00,∞
258.00,∞
243.00,∞
256.00,∞
265.00,∞
266.00,∞
248.00,∞
264.00,∞
254.00,∞
261.00,∞
242.00,∞
247.00,∞
236.00,∞
233.00,∞
216.00,∞
230.00,∞
231.00,∞
234.00,∞
223.00,∞
234.00,∞
223.00,∞
235.00,∞
210.00,∞
216.00,∞
213.00,∞
206.00,∞
196.00,∞
205.00,∞
207.00,∞
201.00,∞
208.00,∞
174.00,∞
173.00,∞
180.00,∞
185.00,∞
174.00,∞
181.00,∞
175.00,∞
188.00,∞
187.00,∞
189.00,∞
179.00,∞
178.00,∞
180.00,∞
188.00,∞
178.00,∞
190.00,∞
163.00,∞
180.00,∞
173.00,∞
178.00,∞
162.00,∞
195.00,∞
175.00,∞
203.00,∞
190.00,∞
190.00,∞
183.00,∞
193.00,∞
169.00,∞
178.00,∞
163.00,∞
157.00,∞
154.00,∞
188.00,∞
189.00,∞
171.00,∞
167.00,∞
168.00,∞
149.00,∞
168.00,∞
160.00,∞
160.00,∞
144.00,∞
145.00,∞
148.00,∞
170.00,∞
143.00,∞
161.00,∞
148.00,∞
163.00,∞
147.00,∞
161.00,∞
139.00,∞
152.00,∞
144.00,∞
188.00,∞
175.00,∞
176.00,∞
153.00,∞
178.00,∞
152.00,∞
157.00,∞
114.00,∞
143.00,∞
127.00,∞
151.00,∞
126.00,∞
143.00,∞
133.00,∞
148.00,∞
128.00,∞
163.00,∞
159.00,∞
170.00,∞
141.00,∞
192.00,∞
165.00,∞
184.00,∞
169.00,∞
205.00,∞
187.00,∞
213.00,∞
204.00,∞
245.00,∞
234.00,∞
257.00,∞
250.00,∞
290.00,∞
275.00,∞
291.00,∞
241.00,∞
263.00,∞
268.00,∞
305.00,∞
268.00,∞
288.00,∞
280.00,∞
297.00,∞
281.00,∞
307.00,∞
309.00,∞
320.00,∞
297.00,∞
314.00,∞
304.00,∞
315.00,∞
290.00,∞
304.00,∞
297.00,∞
326.00,∞
304.00,∞
331.00,∞
309.00,∞
334.00,∞
309.00,∞
335.00,∞
307.00,∞
311.00,∞
295.00,∞
327.00,∞
296.00,∞
322.00,∞
307.00,∞
335.00,∞
315.00,∞
328.00,∞
297.00,∞
313.00,∞
293.00,∞
315.00,∞
301.00,∞
304.00,∞
284.00,∞
306.00,∞
288.00,∞
309.00,∞
294.00,∞
306.00,∞
298.00,∞
313.00,∞
280.00,∞
315.00,∞
287.00,∞
297.00,∞
280.00,∞
288.00,∞
269.00,∞
277.00,∞
241.00,∞
263.00,∞
248.00,∞
279.00,∞
260.00,∞
301.00,∞
251.00,∞
268.00,∞
237.00,∞
254.00,∞
229.00,∞
251.00,∞
245.00,∞
277.00,∞
240.00,∞
253.00,∞
206.00,∞
234.00,∞
193.00,∞
228.00,∞
225.00,∞
239.00,∞
218.00,∞
252.00,∞
200.00,∞
222.00,∞
214.00,∞
246.00,∞
228.00,∞
247.00,∞
217.00,∞
255.00,∞
234.00,∞
251.00,∞
226.00,∞
263.00,∞
227.00,∞
242.00,∞
228.00,∞
261.00,∞
223.00,∞
243.00,∞
245.00,∞
278.00,∞
227.00,∞
247.00,∞
207.00,∞
245.00,∞
224.00,∞
257.00,∞
216.00,∞
235.00,∞
202.00,∞
213.00,∞
204.00,∞
182.00,∞
180.00,∞
195.00,∞
153.00,∞
166.00,∞
156.00,∞
164.00,∞
146.00,∞
146.00,∞
148.00,∞
157.00,∞
147.00,∞
177.00,∞
169.00,∞
174.00,∞
179.00,∞
180.00,∞
171.00,∞
173.00,∞
171.00,∞
187.00,∞
178.00,∞
177.00,∞
177.00,∞
166.00,∞
166.00,∞
153.00,∞
159.00,∞
170.00,∞
179.00,∞
178.00,∞
189.00,∞
179.00,∞
166.00,∞
182.00,∞
196.00,∞
197.00,∞
197.00,∞
202.00,∞
203.00,∞
209.00,∞
204.00,∞
213.00,∞
223.00,∞
211.00,∞
219.00,∞
223.00,∞
220.00,∞
217.00,∞
237.00,∞
216.00,∞
216.00,∞
211.00,∞
213.00,∞
214.00,∞
214.00,∞
213.00,∞
219.00,∞
214.00,∞
230.00,∞
219.00,∞
216.00,∞
206.00,∞
223.00,∞
196.00,∞
204.00,∞
198.00,∞
216.00,∞
184.00,∞
202.00,∞
193.00,∞
198.00,∞
187.00,∞
222.00,∞
199.00,∞
219.00,∞
218.00,∞
238.00,∞
212.00,∞
225.00,∞
200.00,∞
216.00,∞
207.00,∞
231.00,∞
205.00,∞
205.00,∞
192.00,∞
216.00,∞
194.00,∞
216.00,∞
207.00,∞
229.00,∞
203.00,∞
216.00,∞
196.00,∞
207.00,∞
202.00,∞
232.00,∞
210.00,∞
235.00,∞
240.00,∞
235.00,∞
220.00,∞
251.00,∞
208.00,∞
226.00,∞
215.00,∞
227.00,∞
215.00,∞
217.00,∞
209.00,∞
211.00,∞
196.00,∞
211.00,∞
203.00,∞
223.00,∞
209.00,∞
220.00,∞
204.00,∞
224.00,∞
214.00,∞
218.00,∞
198.00,∞
221.00,∞
205.00,∞
214.00,∞
215.00,∞
216.00,∞
208.00,∞
216.00,∞
212.00,∞
219.00,∞
203.00,∞
223.00,∞
189.00,∞
221.00,∞
218.00,∞
228.00,∞
205.00,∞
222.00,∞
206.00,∞
220.00,∞
213.00,∞
231.00,∞
215.00,∞
216.00,∞
193.00,∞
217.00,∞
203.00,∞
207.00,∞
187.00,∞
209.00,∞
179.00,∞
219.00,∞
183.00,∞
194.00,∞
188.00,∞
203.00,∞
186.00,∞
194.00,∞
183.00,∞
208.00,∞
183.00,∞
185.00,∞
170.00,∞
193.00,∞
170.00,∞
198.00,∞
176.00,∞
200.00,∞
155.00,∞
181.00,∞
156.00,∞
195.00,∞
175.00,∞
190.00,∞
180.00,∞
194.00,∞
167.00,∞
206.00,∞
188.00,∞
210.00,∞
176.00,∞
190.00,∞
159.00,∞
195.00,∞
186.00,∞
208.00,∞
190.00,∞
212.00,∞
188.00,∞
219.00,∞
207.00,∞
227.00,∞
189.00,∞
221.00,∞
198.00,∞
234.00,∞
213.00,∞
238.00,∞
205.00,∞
223.00,∞
195.00,∞
217.00,∞
207.00,∞
225.00,∞
211.00,∞
233.00,∞
221.00,∞
247.00,∞
239.00,∞
263.00,∞
242.00,∞
264.00,∞
246.00,∞
283.00,∞
260.00,∞
289.00,∞
282.00,∞
276.00,∞
272.00,∞
269.00,∞
270.00,∞
267.00,∞
255.00,∞
255.00,∞
272.00,∞
266.00,∞
267.00,∞
238.00,∞
246.00,∞
232.00,∞
239.00,∞
241.00,∞
242.00,∞
239.00,∞
239.00,∞
234.00,∞
233.00,∞
252.00,∞
244.00,∞
244.00,∞
230.00,∞
237.00,∞
239.00,∞
236.00,∞
244.00,∞
238.00,∞
243.00,∞
253.00,∞
275.00,∞
267.00,∞
265.00,∞
248.00,∞
250.00,∞
245.00,∞
244.00,∞
246.00,∞
247.00,∞
239.00,∞
281.00,∞
260.00,∞
256.00,∞
231.00,∞
243.00,∞
237.00,∞
238.00,∞
218.00,∞
239.00,∞
227.00,∞
233.00,∞
226.00,∞
228.00,∞
232.00,∞
252.00,∞
209.00,∞
240.00,∞
214.00,∞
241.00,∞
226.00,∞
241.00,∞
221.00,∞
245.00,∞
221.00,∞
238.00,∞
237.00,∞
239.00,∞
221.00,∞
243.00,∞
217.00,∞
236.00,∞
227.00,∞
233.00,∞
210.00,∞
252.00,∞
223.00,∞
233.00,∞
226.00,∞
237.00,∞
203.00,∞
233.00,∞
229.00,∞
232.00,∞
211.00,∞
232.00,∞
212.00,∞
233.00,∞
218.00,∞
238.00,∞
225.00,∞
252.00,∞
229.00,∞
248.00,∞
222.00,∞
251.00,∞
228.00,∞
255.00,∞
221.00,∞
240.00,∞
211.00,∞
235.00,∞
229.00,∞
237.00,∞
211.00,∞
212.00,∞
183.00,∞
232.00,∞
207.00,∞
237.00,∞
202.00,∞
224.00,∞
206.00,∞
211.00,∞
188.00,∞
235.00,∞
221.00,∞
246.00,∞
208.00,∞
250.00,∞
225.00,∞
239.00,∞
210.00,∞
243.00,∞
214.00,∞
232.00,∞
194.00,∞
215.00,∞
194.00,∞
225.00,∞
212.00,∞
230.00,∞
210.00,∞
246.00,∞
212.00,∞
219.00,∞
208.00,∞
206.00,∞
175.00,∞
191.00,∞
185.00,∞
201.00,∞
194.00,∞
214.00,∞
194.00,∞
219.00,∞
187.00,∞
195.00,∞
192.00,∞
223.00,∞
194.00,∞
201.00,∞
179.00,∞
189.00,∞
168.00,∞
195.00,∞
172.00,∞
185.00,∞
178.00,∞
178.00,∞
203.00,∞
188.00,∞
222.00,∞
203.00,∞
222.00,∞
217.00,∞
233.00,∞
225.00,∞
230.00,∞
207.00,∞
222.00,∞
200.00,∞
222.00,∞
196.00,∞
221.00,∞
203.00,∞
236.00,∞
206.00,∞
225.00,∞
200.00,∞
219.00,∞
209.00,∞
219.00,∞
196.00,∞
206.00,∞
212.00,∞
217.00,∞
201.00,∞
232.00,∞
223.00,∞
254.00,∞
243.00,∞
251.00,∞
215.00,∞
237.00,∞
226.00,∞
251.00,∞
232.00,∞
261.00,∞
238.00,∞
269.00,∞
250.00,∞
251.00,∞
228.00,∞
229.00,∞
219.00,∞
225.00,∞
214.00,∞
220.00,∞
211.00,∞
213.00,∞
211.00,∞
232.00,∞
224.00,∞
234.00,∞
220.00,∞
230.00,∞
216.00,∞
226.00,∞
216.00,∞
235.00,∞
218.00,∞
216.00,∞
211.00,∞
221.00,∞
214.00,∞
223.00,∞
228.00,∞
219.00,∞
217.00,∞
223.00,∞
217.00,∞
223.00,∞
215.00,∞
213.00,∞
202.00,∞
198.00,∞
201.00,∞
194.00,∞
205.00,∞
197.00,∞
185.00,∞
200.00,∞
202.00,∞
202.00,∞
197.00,∞
208.00,∞
217.00,∞
197.00,∞
205.00,∞
210.00,∞
220.00,∞
215.00,∞
213.00,∞
207.00,∞
232.00,∞
212.00,∞
230.00,∞
214.00,∞
213.00,∞
190.00,∞
226.00,∞
211.00,∞
215.00,∞
205.00,∞
226.00,∞
217.00,∞
227.00,∞
219.00,∞
237.00,∞
221.00,∞
230.00,∞
218.00,∞
231.00,∞
226.00,∞
230.00,∞
209.00,∞
230.00,∞
215.00,∞
240.00,∞
225.00,∞
232.00,∞
227.00,∞
252.00,∞
220.00,∞
248.00,∞
216.00,∞
229.00,∞
214.00,∞
238.00,∞
218.00,∞
250.00,∞
224.00,∞
253.00,∞
239.00,∞
234.00,∞
211.00,∞
246.00,∞
220.00,∞
244.00,∞
233.00,∞
242.00,∞
208.00,∞
235.00,∞
211.00,∞
226.00,∞
211.00,∞
240.00,∞
225.00,∞
237.00,∞
214.00,∞
234.00,∞
218.00,∞
264.00,∞
237.00,∞
249.00,∞
226.00,∞
268.00,∞
251.00,∞
256.00,∞
222.00,∞
238.00,∞
207.00,∞
231.00,∞
208.00,∞
234.00,∞
214.00,∞
230.00,∞
214.00,∞
238.00,∞
223.00,∞
233.00,∞
211.00,∞
236.00,∞
214.00,∞
230.00,∞
209.00,∞
243.00,∞
227.00,∞
235.00,∞
217.00,∞
228.00,∞
215.00,∞
250.00,∞
241.00,∞
259.00,∞
239.00,∞
244.00,∞
223.00,∞
243.00,∞
220.00,∞
233.00,∞
214.00,∞
237.00,∞
215.00,∞
242.00,∞
236.00,∞
239.00,∞
229.00,∞
251.00,∞
221.00,∞
236.00,∞
234.00,∞
210.00,∞
209.00,∞
237.00,∞
212.00,∞
214.00,∞
212.00,∞
230.00,∞
229.00,∞
225.00,∞
207.00,∞
213.00,∞
228.00,∞
229.00,∞
220.00,∞
235.00,∞
225.00,∞
235.00,∞
222.00,∞
236.00,∞
221.00,∞
235.00,∞
218.00,∞
227.00,∞
224.00,∞
235.00,∞
209.00,∞
226.00,∞
206.00,∞
246.00,∞
227.00,∞
247.00,∞
235.00,∞
252.00,∞
225.00,∞
234.00,∞
231.00,∞
248.00,∞
242.00,∞
265.00,∞
250.00,∞
255.00,∞
212.00,∞
234.00,∞
234.00,∞
263.00,∞
229.00,∞
237.00,∞
219.00,∞
232.00,∞
212.00,∞
209.00,∞
209.00,∞
229.00,∞
196.00,∞
214.00,∞
211.00,∞
222.00,∞
214.00,∞
208.00,∞
201.00,∞
227.00,∞
197.00,∞
212.00,∞
197.00,∞
187.00,∞
196.00,∞
206.00,∞
192.00,∞
213.00,∞
213.00,∞
238.00,∞
222.00,∞
215.00,∞
208.00,∞
206.00,∞
195.00,∞
210.00,∞
207.00,∞
202.00,∞
196.00,∞
203.00,∞
223.00,∞
233.00,∞
206.00,∞
202.00,∞
220.00,∞
211.00,∞
196.00,∞
194.00,∞
202.00,∞
199.00,∞
206.00,∞
200.00,∞
201.00,∞
197.00,∞
211.00,∞
207.00,∞
205.00,∞
185.00,∞
199.00,∞
191.00,∞
201.00,∞
184.00,∞
211.00,∞
197.00,∞
215.00,∞
209.00,∞
209.00,∞
215.00,∞
220.00,∞
206.00,∞
216.00,∞
221.00,∞
214.00,∞
204.00,∞
222.00,∞
205.00,∞
220.00,∞
200.00,∞
245.00,∞
231.00,∞
239.00,∞
214.00,∞
234.00,∞
220.00,∞
235.00,∞
232.00,∞
219.00,∞
208.00,∞
225.00,∞
221.00,∞
240.00,∞
235.00,∞
224.00,∞
211.00,∞
232.00,∞
203.00,∞
204.00,∞
193.00,∞
208.00,∞
177.00,∞
220.00,∞
214.00,∞
230.00,∞
234.00,∞
268.00,∞
231.00,∞
220.00,∞
228.00,∞
232.00,∞
189.00,∞
223.00,∞
193.00,∞
233.00,∞
205.00,∞
227.00,∞
207.00,∞
233.00,∞
214.00,∞
244.00,∞
224.00,∞
260.00,∞
222.00,∞
226.00,∞
202.00,∞
229.00,∞
199.00,∞
220.00,∞
197.00,∞
207.00,∞
201.00,∞
225.00,∞
186.00,∞
215.00,∞
191.00,∞
202.00,∞
193.00,∞
226.00,∞
202.00,∞
220.00,∞
189.00,∞
224.00,∞
224.00,∞
239.00,∞
220.00,∞
239.00,∞
213.00,∞
230.00,∞
204.00,∞
238.00,∞
213.00,∞
227.00,∞
199.00,∞
232.00,∞
197.00,∞
234.00,∞
211.00,∞
225.00,∞
212.00,∞
239.00,∞
229.00,∞
228.00,∞
216.00,∞
225.00,∞
217.00,∞
235.00,∞
217.00,∞
226.00,∞
224.00,∞
244.00,∞
211.00,∞
237.00,∞
198.00,∞
222.00,∞
190.00,∞
212.00,∞
200.00,∞
218.00,∞
190.00,∞
206.00,∞
200.00,∞
207.00,∞
178.00,∞
199.00,∞
184.00,∞
216.00,∞
211.00,∞
221.00,∞
211.00,∞
231.00,∞
218.00,∞
237.00,∞
214.00,∞
237.00,∞
207.00,∞
235.00,∞
238.00,∞
252.00,∞
220.00,∞
251.00,∞
218.00,∞
241.00,∞
235.00,∞
252.00,∞
222.00,∞
247.00,∞
227.00,∞
250.00,∞
213.00,∞
237.00,∞
206.00,∞
229.00,∞
185.00,∞
209.00,∞
191.00,∞
219.00,∞
186.00,∞
211.00,∞
192.00,∞
230.00,∞
215.00,∞
235.00,∞
221.00,∞
257.00,∞
239.00,∞
258.00,∞
220.00,∞
231.00,∞
222.00,∞
248.00,∞
220.00,∞
258.00,∞
251.00,∞
300.00,∞
253.00,∞
275.00,∞
237.00,∞
257.00,∞
209.00,∞
234.00,∞
208.00,∞
224.00,∞
197.00,∞
227.00,∞
210.00,∞
209.00,∞
204.00,∞
239.00,∞
218.00,∞
216.00,∞
197.00,∞
212.00,∞
186.00,∞
212.00,∞
191.00,∞
207.00,∞
182.00,∞
208.00,∞
200.00,∞
207.00,∞
200.00,∞
202.00,∞
225.00,∞
230.00,∞
223.00,∞
211.00,∞
210.00,∞
224.00,∞
218.00,∞
223.00,∞
215.00,∞
215.00,∞
207.00,∞
225.00,∞
216.00,∞
218.00,∞
211.00,∞
216.00,∞
210.00,∞
215.00,∞
211.00,∞
214.00,∞
202.00,∞
191.00,∞
208.00,∞
235.00,∞
225.00,∞
225.00,∞
210.00,∞
207.00,∞
205.00,∞
208.00,∞
200.00,∞
190.00,∞
199.00,∞
193.00,∞
206.00,∞
189.00,∞
196.00,∞
189.00,∞
217.00,∞
204.00,∞
205.00,∞
194.00,∞
187.00,∞
177.00,∞
212.00,∞
209.00,∞
215.00,∞
210.00,∞
222.00,∞
194.00,∞
220.00,∞
192.00,∞
214.00,∞
224.00,∞
223.00,∞
233.00,∞
260.00,∞
252.00,∞
265.00,∞
246.00,∞
253.00,∞
229.00,∞
240.00,∞
222.00,∞
240.00,∞
238.00,∞
255.00,∞
227.00,∞
254.00,∞
230.00,∞
259.00,∞
246.00,∞
279.00,∞
